Time (ms),Recording (a.u.)
0,0.000210553
0.020834123,0.00154824
0.041668245,0.003122699
0.062502368,0.004789964
0.08333649,0.006725622
0.104170613,0.00858706
0.125004735,0.009922618
0.145838858,0.011497532
0.16667298,0.013295319
0.187507103,0.015034339
0.208341225,0.016830582
0.229175348,0.018536154
0.25000947,0.020464083
0.270843593,0.022363616
0.291677715,0.023570927
0.312511838,0.024726842
0.33334596,0.026345212
0.354180083,0.027768658
0.375014205,0.028990328
0.395848328,0.030506663
0.41668245,0.03182669
0.437516573,0.032951672
0.458350695,0.034201115
0.479184818,0.035068482
0.50001894,0.035892695
0.520853063,0.036925666
0.541687185,0.037745588
0.562521308,0.038424715
0.58335543,0.039114434
0.604189553,0.040209152
0.625023675,0.041458946
0.645857798,0.042363837
0.66669192,0.043130171
0.687526043,0.043645516
0.708360165,0.044281323
0.729194288,0.045484446
0.75002841,0.04680768
0.770862533,0.048084486
0.791696655,0.049292054
0.812530778,0.050237332
0.8333649,0.051285196
0.854199023,0.052682411
0.875033145,0.053937785
0.895867268,0.055046804
0.91670139,0.056412004
0.937535513,0.058050387
0.958369635,0.059698816
0.979203758,0.060942844
1.00003788,0.061975442
1.020872003,0.063360676
1.041706125,0.064985603
1.062540248,0.066377513
1.08337437,0.067562863
1.104208493,0.068610288
1.125042615,0.06952329
1.145876738,0.07056015
1.16671086,0.071281165
1.187544983,0.07164824
1.208379105,0.072216988
1.229213228,0.072726108
1.25004735,0.072975829
1.270881473,0.072928883
1.291715595,0.073073328
1.312549718,0.073774859
1.33338384,0.074349299
1.354217963,0.074842311
1.375052085,0.075425781
1.395886208,0.075797863
1.41672033,0.076033011
1.437554453,0.076258309
1.458388575,0.076633334
1.479222698,0.077042639
1.50005682,0.077412367
1.520890943,0.077784061
1.541725065,0.077891462
1.562559188,0.077902779
1.58339331,0.078018129
1.604227433,0.078045264
1.625061555,0.078117438
1.645895678,0.078498363
1.6667298,0.079132423
1.687563923,0.07964018
1.708398045,0.079848014
1.729232168,0.080233537
1.75006629,0.08078596
1.770900413,0.080827832
1.791734535,0.080570593
1.812568658,0.080436543
1.83340278,0.080143318
1.854236903,0.079705253
1.875071025,0.079505853
1.895905148,0.079504475
1.91673927,0.07929647
1.937573393,0.079107925
1.958407515,0.079098567
1.979241638,0.078953594
2.00007576,0.078998037
2.020909883,0.079218656
2.041744005,0.079631031
2.062578128,0.08018297
2.08341225,0.080286458
2.104246373,0.08063148
2.125080495,0.081143156
2.145914618,0.081122041
2.16674874,0.081202954
2.187582863,0.081430063
2.208416985,0.081614077
2.229251108,0.081594244
2.250085231,0.081277534
2.270919353,0.081233561
2.291753476,0.081433445
2.312587598,0.081486404
2.333421721,0.081469551
2.354255843,0.0815337
2.375089966,0.081504367
2.395924088,0.081388175
2.416758211,0.081232101
2.437592333,0.081274524
2.458426456,0.081823915
2.479260578,0.082037561
2.500094701,0.08203207
2.520928823,0.082345724
2.541762946,0.082311459
2.562597068,0.082187377
2.583431191,0.081958547
2.604265313,0.08152774
2.625099436,0.081366912
2.645933558,0.081080675
2.666767681,0.080630422
2.687601803,0.080068804
2.708435926,0.079470322
2.729270048,0.078930244
2.750104171,0.0782777
2.770938293,0.07782273
2.791772416,0.076937675
2.812606538,0.07562381
2.833440661,0.074878551
2.854274783,0.074097358
2.875108906,0.073172063
2.895943028,0.072535142
2.916777151,0.071684472
2.937611273,0.070568003
2.958445396,0.069359794
2.979279518,0.068142928
3.000113641,0.067068711
3.020947763,0.065836474
3.041781886,0.064208359
3.062616008,0.062656537
3.083450131,0.061400332
3.104284253,0.059934907
3.125118376,0.058121592
3.145952498,0.056236904
3.166786621,0.054384314
3.187620743,0.052528672
3.208454866,0.050736655
3.229288988,0.04896567
3.250123111,0.047045872
3.270957233,0.045244463
3.291791356,0.043592878
3.312625478,0.041884109
3.333459601,0.040201504
3.354293723,0.038471241
3.375127846,0.036766671
3.395961968,0.035103612
3.416796091,0.033488344
3.437630213,0.032016739
3.458464336,0.030449525
3.479298458,0.028705176
3.500132581,0.026670057
3.520966703,0.024489481
3.541800826,0.022504011
3.562634948,0.020630401
3.583469071,0.018697262
3.604303193,0.016470985
3.625137316,0.01451047
3.645971438,0.012933152
3.666805561,0.010933725
3.687639683,0.008844966
3.708473806,0.00674163
3.729307928,0.00469873
3.750142051,0.002966247
3.770976173,0.000860706
3.791810296,-0.001257519
3.812644418,-0.003299243
3.833478541,-0.005556606
3.854312663,-0.007352825
3.875146786,-0.009216571
3.895980908,-0.011452008
3.916815031,-0.013412289
3.937649153,-0.015456735
3.958483276,-0.017685592
3.979317398,-0.019817928
4.000151521,-0.022167541
4.020985643,-0.024516135
4.041819766,-0.026519634
4.062653888,-0.028508611
4.083488011,-0.030518318
4.104322133,-0.032709546
4.125156256,-0.035212114
4.145990378,-0.037596401
4.166824501,-0.040025122
4.187658623,-0.042584591
4.208492746,-0.044941776
4.229326868,-0.047194839
4.250160991,-0.049538568
4.270995113,-0.052071545
4.291829236,-0.054641545
4.312663358,-0.057171416
4.333497481,-0.059844829
4.354331603,-0.062568083
4.375165726,-0.065075174
4.395999848,-0.067149013
4.416833971,-0.06885621
4.437668093,-0.070650339
4.458502216,-0.072740734
4.479336338,-0.074634835
4.500170461,-0.076219745
4.521004584,-0.078105345
4.541838706,-0.080199361
4.562672829,-0.082286254
4.583506951,-0.08455196
4.604341074,-0.086814731
4.625175196,-0.088743009
4.646009319,-0.089978874
4.666843441,-0.090985157
4.687677564,-0.092342854
4.708511686,-0.093645208
4.729345809,-0.094932623
4.750179931,-0.096219867
4.771014054,-0.097332969
4.791848176,-0.098593161
4.812682299,-0.099975497
4.833516421,-0.101244047
4.854350544,-0.102129281
4.875184666,-0.102892891
4.896018789,-0.103940494
4.916852911,-0.104824752
4.937687034,-0.105551787
4.958521156,-0.106483355
4.979355279,-0.107496336
5.000189401,-0.108434305
5.021023524,-0.109157555
5.041857646,-0.109748974
5.062691769,-0.110250831
5.083525891,-0.110296071
5.104360014,-0.110006653
5.125194136,-0.109968327
5.146028259,-0.109956987
5.166862381,-0.109689072
5.187696504,-0.109382898
5.208530626,-0.108696081
5.229364749,-0.107812881
5.250198871,-0.10721986
5.271032994,-0.10645026
5.291867116,-0.105784461
5.312701239,-0.105457567
5.333535361,-0.104695946
5.354369484,-0.103634231
5.375203606,-0.102482408
5.396037729,-0.101090319
5.416871851,-0.099876478
5.437705974,-0.098761767
5.458540096,-0.09749274
5.479374219,-0.096148878
5.500208341,-0.094486699
5.521042464,-0.092681497
5.541876586,-0.091320954
5.562710709,-0.090433106
5.583544831,-0.089485914
5.604378954,-0.088183805
5.625213076,-0.086963899
5.646047199,-0.08602874
5.666881321,-0.085006848
5.687715444,-0.083788171
5.708549566,-0.082680449
5.729383689,-0.081644222
5.750217811,-0.080308914
5.771051934,-0.078823507
5.791886056,-0.077320904
5.812720179,-0.075963154
5.833554301,-0.07446602
5.854388424,-0.072497159
5.875222546,-0.071140662
5.896056669,-0.069771335
5.916890791,-0.067511335
5.937724914,-0.06556274
5.958559036,-0.063532233
5.979393159,-0.061114069
6.000227281,-0.058818873
6.021061404,-0.056604683
6.041895526,-0.054704707
6.062729649,-0.052707806
6.083563771,-0.050663695
6.104397894,-0.048615661
6.125232016,-0.04646977
6.146066139,-0.04466597
6.166900261,-0.042624809
6.187734384,-0.040730622
6.208568506,-0.03926456
6.229402629,-0.037426438
6.250236751,-0.03578414
6.271070874,-0.034295574
6.291904996,-0.032733515
6.312739119,-0.031270415
6.333573241,-0.029438198
6.354407364,-0.027570829
6.375241486,-0.025614273
6.396075609,-0.023583123
6.416909731,-0.021868456
6.437743854,-0.019826293
6.458577976,-0.017681107
6.479412099,-0.01566468
6.500246221,-0.01351644
6.521080344,-0.011675358
6.541914466,-0.009995369
6.562748589,-0.008258667
6.583582711,-0.00641414
6.604416834,-0.004512134
6.625250956,-0.002981087
6.646085079,-0.001517593
6.666919201,0.000359035
6.687753324,0.002240244
6.708587446,0.003571094
6.729421569,0.004929166
6.750255692,0.006698913
6.771089814,0.008376209
6.791923937,0.010097738
6.812758059,0.011748632
6.833592182,0.013315689
6.854426304,0.01508578
6.875260427,0.016655359
6.896094549,0.018256377
6.916928672,0.019995373
6.937762794,0.021555599
6.958596917,0.023034034
6.979431039,0.024357116
7.000265162,0.02577658
7.021099284,0.027376989
7.041933407,0.02883878
7.062767529,0.030086679
7.083601652,0.031241596
7.104435774,0.032666765
7.125269897,0.034041762
7.146104019,0.034870654
7.166938142,0.035659216
7.187772264,0.036771953
7.208606387,0.037838623
7.229440509,0.038686223
7.250274632,0.039688818
7.271108754,0.040767215
7.291942877,0.041582707
7.312776999,0.042514574
7.333611122,0.043717064
7.354445244,0.044814549
7.375279367,0.045549568
7.396113489,0.046286851
7.416947612,0.04771293
7.437781734,0.049206972
7.458615857,0.050083958
7.479449979,0.050899621
7.500284102,0.051892251
7.521118224,0.053120822
7.541952347,0.054529224
7.562786469,0.055841349
7.583620592,0.057118047
7.604454714,0.058398567
7.625288837,0.05990921
7.646122959,0.061458688
7.666957082,0.062741622
7.687791204,0.063958898
7.708625327,0.064952254
7.729459449,0.065996975
7.750293572,0.067294292
7.771127694,0.068485118
7.791961817,0.06950213
7.812795939,0.070224755
7.833630062,0.070827141
7.854464184,0.071267277
7.875298307,0.071481809
7.896132429,0.071955696
7.916966552,0.072512373
7.937800674,0.072747126
7.958634797,0.072778992
7.979468919,0.072991624
8.000303042,0.073490754
8.021137164,0.074010164
8.041971287,0.074406892
8.062805409,0.074775562
8.083639532,0.075195178
8.104473654,0.075534135
8.125307777,0.076011442
8.146141899,0.076537751
8.166976022,0.076897293
8.187810144,0.077379227
8.208644267,0.077631488
8.229478389,0.077743188
8.250312512,0.077930368
8.271146634,0.077950582
8.291980757,0.078198597
8.312814879,0.078315012
8.333649002,0.078187279
8.354483124,0.078425705
8.375317247,0.078667268
8.396151369,0.078906462
8.416985492,0.079313971
8.437819614,0.079536051
8.458653737,0.079578787
8.479487859,0.079531386
8.500321982,0.079458565
8.521156104,0.079368189
8.541990227,0.079292893
8.562824349,0.079355016
8.583658472,0.07949055
8.604492594,0.079609379
8.625326717,0.079575635
8.646160839,0.079489343
8.666994962,0.079506837
8.687829084,0.079673693
8.708663207,0.079970591
8.729497329,0.080018744
8.750331452,0.079971567
8.771165574,0.08019504
8.791999697,0.080652297
8.812833819,0.080965206
8.833667942,0.080740839
8.854502064,0.080799267
8.875336187,0.081263825
8.896170309,0.081219293
8.917004432,0.080950439
8.937838554,0.080845445
8.958672677,0.080815747
8.979506799,0.080898389
9.000340922,0.081137165
9.021175045,0.081229657
9.042009167,0.08107309
9.06284329,0.08116582
9.083677412,0.081338927
9.104511535,0.081143707
9.125345657,0.080785304
9.14617978,0.080597401
9.167013902,0.080515251
9.187848025,0.080428503
9.208682147,0.080434814
9.22951627,0.080382191
9.250350392,0.080231458
9.271184515,0.079999916
9.292018637,0.079497889
9.31285276,0.078672603
9.333686882,0.077939138
9.354521005,0.077579126
9.375355127,0.077082559
9.39618925,0.07644596
9.417023372,0.07582581
9.437857495,0.0749797
9.458691617,0.074014701
9.47952574,0.07314685
9.500359862,0.072584838
9.521193985,0.071795553
9.542028107,0.070608206
9.56286223,0.069648832
9.583696352,0.068731837
9.604530475,0.067714363
9.625364597,0.066629007
9.64619872,0.065633096
9.667032842,0.064572796
9.687866965,0.062909082
9.708701087,0.061360613
9.72953521,0.059990373
9.750369332,0.058245923
9.771203455,0.056685608
9.792037577,0.05504572
9.8128717,0.053024448
9.833705822,0.051241532
9.854539945,0.049595326
9.875374067,0.047864489
9.89620819,0.046051424
9.917042312,0.043981135
9.937876435,0.04211944
9.958710557,0.040446661
9.97954468,0.038422592
10.0003788,0.036539197
10.02121292,0.034871459
10.04204705,0.033251099
10.06288117,0.031802781
10.08371529,0.03006926
10.10454941,0.028155472
10.12538354,0.026282337
10.14621766,0.024539817
10.16705178,0.023026848
10.1878859,0.021163668
10.20872003,0.019161046
10.22955415,0.017333729
10.25038827,0.015157552
10.27122239,0.013044284
10.29205652,0.011551535
10.31289064,0.009953508
10.33372476,0.007740363
10.35455888,0.005446586
10.37539301,0.003351694
10.39622713,0.001224489
10.41706125,-0.001024562
10.43789537,-0.003194061
10.4587295,-0.00501476
10.47956362,-0.006725146
10.50039774,-0.008678228
10.52123186,-0.010821275
10.54206599,-0.013021054
10.56290011,-0.015093328
10.58373423,-0.017022204
10.60456835,-0.019066438
10.62540248,-0.021314235
10.6462366,-0.02364837
10.66707072,-0.0260319
10.68790484,-0.028371977
10.70873897,-0.030416831
10.72957309,-0.032345925
10.75040721,-0.034418274
10.77124133,-0.036627769
10.79207546,-0.039095841
10.81290958,-0.041460752
10.8337437,-0.043722399
10.85457782,-0.046228647
10.87541195,-0.048597872
10.89624607,-0.050954103
10.91708019,-0.053268559
10.93791431,-0.055399425
10.95874844,-0.057830792
10.97958256,-0.060504369
11.00041668,-0.063238427
11.0212508,-0.065798536
11.04208493,-0.068271756
11.06291905,-0.070590094
11.08375317,-0.072413325
11.10458729,-0.074310899
11.12542142,-0.076162532
11.14625554,-0.077968411
11.16708966,-0.079913013
11.18792378,-0.081753373
11.20875791,-0.084035113
11.22959203,-0.086183965
11.25042615,-0.087970853
11.27126028,-0.089913875
11.2920944,-0.091463126
11.31292852,-0.09279041
11.33376264,-0.094162442
11.35459677,-0.095686823
11.37543089,-0.097104445
11.39626501,-0.097979389
11.41709913,-0.099027984
11.43793326,-0.100210398
11.45876738,-0.101290517
11.4796015,-0.102547228
11.50043562,-0.103667259
11.52126975,-0.104478352
11.54210387,-0.105267927
11.56293799,-0.106241986
11.58377211,-0.106906302
11.60460624,-0.107486054
11.62544036,-0.108343728
11.64627448,-0.108939588
11.6671086,-0.109845795
11.68794273,-0.110979453
11.70877685,-0.11159984
11.72961097,-0.112028368
11.75044509,-0.112054095
11.77127922,-0.111789823
11.79211334,-0.11187695
11.81294746,-0.112196073
11.83378158,-0.11216113
11.85461571,-0.111818254
11.87544983,-0.11167556
11.89628395,-0.111230254
11.91711807,-0.110515207
11.9379522,-0.110185459
11.95878632,-0.109818541
11.97962044,-0.108933315
12.00045456,-0.107751563
12.02128869,-0.106974259
12.04212281,-0.106283136
12.06295693,-0.105074599
12.08379105,-0.103878781
12.10462518,-0.102690846
12.1254593,-0.101492256
12.14629342,-0.100275591
12.16712754,-0.098731995
12.18796167,-0.09734378
12.20879579,-0.09610942
12.22962991,-0.094828323
12.25046403,-0.093614951
12.27129816,-0.092202172
12.29213228,-0.090688601
12.3129664,-0.089412138
12.33380052,-0.088592649
12.35463465,-0.087922841
12.37546877,-0.086835988
12.39630289,-0.085733183
12.41713701,-0.084863812
12.43797114,-0.08368592
12.45880526,-0.082228385
12.47963938,-0.080765784
12.5004735,-0.079176903
12.52130763,-0.07747376
12.54214175,-0.07586731
12.56297587,-0.074545339
12.58380999,-0.073003657
12.60464412,-0.070619121
12.62547824,-0.068021089
12.64631236,-0.06565731
12.66714648,-0.063320309
12.68798061,-0.061152659
12.70881473,-0.059139933
12.72964885,-0.057139736
12.75048297,-0.054913513
12.7713171,-0.052626163
12.79215122,-0.050646618
12.81298534,-0.048534304
12.83381946,-0.046510264
12.85465359,-0.044950716
12.87548771,-0.043421291
12.89632183,-0.041955777
12.91715595,-0.040302761
12.93799008,-0.038587362
12.9588242,-0.037198506
12.97965832,-0.035408657
13.00049244,-0.033545956
13.02132657,-0.031795666
13.04216069,-0.02955123
13.06299481,-0.027563864
13.08382893,-0.025755782
13.10466306,-0.023783058
13.12549718,-0.022010025
13.1463313,-0.019984294
13.16716542,-0.018008068
13.18799955,-0.016324326
13.20883367,-0.014398634
13.22966779,-0.012613446
13.25050191,-0.011121618
13.27133604,-0.00953982
13.29217016,-0.00794002
13.31300428,-0.006449486
13.3338384,-0.004921019
13.35467253,-0.003058877
13.37550665,-0.001032021
13.39634077,0.000568408
13.41717489,0.001930706
13.43800902,0.003596084
13.45884314,0.005424199
13.47967726,0.007231461
13.50051138,0.009035951
13.52134551,0.010845695
13.54217963,0.012482064
13.56301375,0.013887621
13.58384787,0.015519896
13.604682,0.017268162
13.62551612,0.018879058
13.64635024,0.020626206
13.66718436,0.022344112
13.68801849,0.023801766
13.70885261,0.024909105
13.72968673,0.025745675
13.75052085,0.027004404
13.77135498,0.028636748
13.7921891,0.029787172
13.81302322,0.030799273
13.83385734,0.032129135
13.85469147,0.033352859
13.87552559,0.034640633
13.89635971,0.035913534
13.91719383,0.037095483
13.93802796,0.038831405
13.95886208,0.040666196
13.9796962,0.0419477
14.00053032,0.043100767
14.02136445,0.044396758
14.04219857,0.045560554
14.06303269,0.04664816
14.08386681,0.047951534
14.10470094,0.049290575
14.12553506,0.050444812
14.14636918,0.051541593
14.1672033,0.052921049
14.18803743,0.054243721
14.20887155,0.055272222
14.22970567,0.05668088
14.25053979,0.058177661
14.27137392,0.059616752
14.29220804,0.061262004
14.31304216,0.062647477
14.33387628,0.063902415
14.35471041,0.064898387
14.37554453,0.065825261
14.39637865,0.067275718
14.41721277,0.068415374
14.4380469,0.069168687
14.45888102,0.070178345
14.47971514,0.071045108
14.50054926,0.071721621
14.52138339,0.072333932
14.54221751,0.072447985
14.56305163,0.072285853
14.58388575,0.072482124
14.60471988,0.072933853
14.625554,0.073331043
14.64638812,0.073846444
14.66722224,0.074766904
14.68805637,0.075644106
14.70889049,0.075950667
14.72972461,0.076086298
14.75055873,0.076515079
14.77139286,0.077136092
14.79222698,0.077596262
14.8130611,0.078124903
14.83389522,0.078803942
14.85472935,0.079276584
14.87556347,0.079798885
14.89639759,0.079892933
14.91723171,0.079742096
14.93806584,0.080093861
14.95889996,0.079874963
14.97973408,0.079369366
15.0005682,0.07953763
15.02140233,0.079969123
15.04223645,0.080401108
15.06307057,0.080594838
15.08390469,0.08087083
15.10473882,0.08109799
15.12557294,0.080974236
15.14640706,0.081013605
15.16724118,0.080893911
15.18807531,0.080752656
15.20890943,0.081017137
15.22974355,0.081245914
15.25057767,0.081437074
15.2714118,0.081590116
15.29224592,0.081610411
15.31308004,0.081556186
15.33391416,0.081433535
15.35474829,0.081609607
15.37558241,0.08193773
15.39641653,0.081888452
15.41725065,0.081935808
15.43808478,0.082425892
15.4589189,0.082808711
15.47975302,0.083010897
15.50058714,0.083222479
15.52142127,0.08330366
15.54225539,0.08343032
15.56308951,0.083528966
15.58392363,0.08317624
15.60475776,0.082841635
15.62559188,0.082867704
15.646426,0.082907058
15.66726012,0.082978681
15.68809425,0.082836986
15.70892837,0.082467377
15.72976249,0.082366258
15.75059661,0.082464844
15.77143074,0.08253637
15.79226486,0.082408547
15.81309898,0.082529545
15.8339331,0.083194286
15.85476723,0.083434403
15.87560135,0.083074838
15.89643547,0.082764193
15.91726959,0.082629278
15.93810372,0.082421571
15.95893784,0.08171019
15.97977196,0.08087153
16.00060608,0.080325469
16.02144021,0.079649508
16.04227433,0.078930989
16.06310845,0.077932976
16.08394257,0.076375008
16.1047767,0.0751369
16.12561082,0.074149013
16.14644494,0.073192835
16.16727906,0.072355911
16.18811319,0.07102257
16.20894731,0.069815174
16.22978143,0.069023684
16.25061555,0.06810303
16.27144968,0.067087144
16.2922838,0.065924987
16.31311792,0.065005556
16.33395204,0.063827991
16.35478617,0.062259138
16.37562029,0.061054602
16.39645441,0.059489369
16.41728853,0.057838608
16.43812266,0.056415595
16.45895678,0.054528415
16.4797909,0.052583307
16.50062502,0.05074311
16.52145915,0.049042821
16.54229327,0.047322087
16.56312739,0.045299895
16.58396151,0.043429993
16.60479564,0.041485187
16.62562976,0.039416432
16.64646388,0.037653841
16.667298,0.035765909
16.68813213,0.033734813
16.70896625,0.031863093
16.72980037,0.029945686
16.75063449,0.028143406
16.77146862,0.026380312
16.79230274,0.024426792
16.81313686,0.02258507
16.83397098,0.020848405
16.85480511,0.018964749
16.87563923,0.016827937
16.89647335,0.014575273
16.91730747,0.012260422
16.9381416,0.010022307
16.95897572,0.008066142
16.97980984,0.005942486
17.00064396,0.003862338
17.02147809,0.002090318
17.04231221,0.000127853
17.06314633,-0.0018812
17.08398045,-0.003940229
17.10481458,-0.006175352
17.1256487,-0.008396802
17.14648282,-0.010543142
17.16731694,-0.01245581
17.18815107,-0.014348152
17.20898519,-0.016450137
17.22981931,-0.018601505
17.25065343,-0.02073833
17.27148756,-0.022833556
17.29232168,-0.024846964
17.3131558,-0.026741706
17.33398992,-0.028792733
17.35482405,-0.031304814
17.37565817,-0.033743154
17.39649229,-0.036087424
17.41732641,-0.038830075
17.43816054,-0.041346926
17.45899466,-0.043642201
17.47982878,-0.046083193
17.5006629,-0.048470065
17.52149703,-0.051140405
17.54233115,-0.053622074
17.56316527,-0.055958778
17.58399939,-0.058845386
17.60483352,-0.061440483
17.62566764,-0.063868433
17.64650176,-0.066563025
17.66733588,-0.068947136
17.68817001,-0.071339518
17.70900413,-0.07372129
17.72983825,-0.075798303
17.75067237,-0.077830426
17.7715065,-0.079666972
17.79234062,-0.081518263
17.81317474,-0.083560541
17.83400886,-0.085518062
17.85484299,-0.087657697
17.87567711,-0.08977811
17.89651123,-0.091509134
17.91734535,-0.093215443
17.93817948,-0.094933778
17.9590136,-0.096527368
17.97984772,-0.097939149
18.00068184,-0.099238023
18.02151597,-0.100567684
18.04235009,-0.101697892
18.06318421,-0.102704301
18.08401833,-0.103768349
18.10485246,-0.104821913
18.12568658,-0.10597726
18.1465207,-0.107288718
18.16735482,-0.108416319
18.18818895,-0.109073445
18.20902307,-0.109681129
18.22985719,-0.110365003
18.25069131,-0.110913292
18.27152544,-0.111601725
18.29235956,-0.11239329
18.31319368,-0.113097697
18.3340278,-0.113732435
18.35486193,-0.114369206
18.37569605,-0.114627749
18.39653017,-0.114160165
18.41736429,-0.114154801
18.43819842,-0.114915885
18.45903254,-0.115124941
18.47986666,-0.114871576
18.50070078,-0.114710741
18.52153491,-0.11443156
18.54236903,-0.114245713
18.56320315,-0.114385143
18.58403727,-0.114289775
18.6048714,-0.113579407
18.62570552,-0.11267627
18.64653964,-0.111911714
18.66737376,-0.111240581
18.68820789,-0.110367864
18.70904201,-0.109186828
18.72987613,-0.107911341
18.75071025,-0.106345385
18.77154438,-0.104594238
18.7923785,-0.103129163
18.81321262,-0.101824328
18.83404674,-0.100500047
18.85488087,-0.099236444
18.87571499,-0.097993731
18.89654911,-0.096634537
18.91738323,-0.095444828
18.93821736,-0.094470926
18.95905148,-0.093231879
18.9798856,-0.092062742
19.00071972,-0.090855286
19.02155385,-0.089379311
19.04238797,-0.088519953
19.06322209,-0.087676913
19.08405621,-0.086291417
19.10489034,-0.085077368
19.12572446,-0.083804816
19.14655858,-0.082488552
19.1673927,-0.080848441
19.18822683,-0.078678399
19.20906095,-0.076973386
19.22989507,-0.075330645
19.25072919,-0.073286645
19.27156332,-0.071322955
19.29239744,-0.069115043
19.31323156,-0.066567309
19.33406568,-0.064134523
19.35489981,-0.061928101
19.37573393,-0.05958825
19.39656805,-0.057291314
19.41740217,-0.055379748
19.4382363,-0.05338601
19.45907042,-0.051458575
19.47990454,-0.049745962
19.50073866,-0.047956936
19.52157279,-0.046246238
19.54240691,-0.044362076
19.56324103,-0.042450484
19.58407515,-0.040807553
19.60490928,-0.038885139
19.6257434,-0.036725685
19.64657752,-0.03473442
19.66741164,-0.032919586
19.68824577,-0.031042423
19.70907989,-0.028857511
19.72991401,-0.026700303
19.75074813,-0.024634425
19.77158226,-0.022417642
19.79241638,-0.020427197
19.8132505,-0.018721297
19.83408462,-0.017002823
19.85491875,-0.015370103
19.87575287,-0.013729248
19.89658699,-0.011834972
19.91742111,-0.010000212
19.93825524,-0.008379088
19.95908936,-0.006530777
19.97992348,-0.004556681
20.0007576,-0.002872001
20.02159173,-0.001492126
20.04242585,4.10867E-05
20.06325997,0.002111063
20.08409409,0.003999815
20.10492822,0.005478475
20.12576234,0.006983194
20.14659646,0.008469023
20.16743058,0.010387861
20.18826471,0.012533762
20.20909883,0.014224362
20.22993295,0.015718697
20.25076707,0.017252006
20.2716012,0.01913115
20.29243532,0.021170728
20.31326944,0.022672843
20.33410356,0.023880027
20.35493769,0.025112117
20.37577181,0.026330316
20.39660593,0.027581377
20.41744005,0.028809369
20.43827418,0.030356791
20.4591083,0.032333657
20.47994242,0.033961218
20.50077654,0.035124086
20.52161067,0.036575492
20.54244479,0.038132619
20.56327891,0.039225429
20.58411303,0.040419616
20.60494716,0.041853517
20.62578128,0.043139637
20.6466154,0.04466413
20.66744952,0.046186522
20.68828365,0.04745717
20.70911777,0.04884335
20.72995189,0.050238166
20.75078601,0.051655136
20.77162014,0.052898552
20.79245426,0.053782105
20.81328838,0.054837428
20.8341225,0.0562368
20.85495663,0.057638787
20.87579075,0.058989339
20.89662487,0.060438167
20.91745899,0.062082995
20.93829312,0.063826963
20.95912724,0.065102562
20.97996136,0.066180691
21.00079548,0.067616433
21.02162961,0.068900988
21.04246373,0.070115402
21.06329785,0.071291029
21.08413197,0.072245836
21.1049661,0.073190026
21.12580022,0.073808454
21.14663434,0.074413292
21.16746846,0.075178623
21.18830259,0.075562716
21.20913671,0.075687736
21.22997083,0.07586398
21.25080495,0.07616058
21.27163908,0.076556377
21.2924732,0.077146441
21.31330732,0.07774312
21.33414144,0.078271553
21.35497557,0.079017773
21.37580969,0.079759166
21.39664381,0.08043085
21.41747793,0.081006393
21.43831206,0.081435129
21.45914618,0.081809603
21.4799803,0.082036726
21.50081442,0.082439005
21.52164855,0.082784325
21.54248267,0.08284007
21.56331679,0.083030775
21.58415091,0.083074681
21.60498504,0.083114222
21.62581916,0.083422117
21.64665328,0.083626904
21.6674874,0.083788089
21.68832153,0.084105566
21.70915565,0.084617957
21.72998977,0.08490555
21.75082389,0.084810719
21.77165802,0.084755056
21.79249214,0.084757566
21.81332626,0.084845789
21.83416038,0.084909499
21.85499451,0.084799968
21.87582863,0.084624052
21.89666275,0.08457984
21.91749687,0.084736288
21.938331,0.084618539
21.95916512,0.084540993
21.97999924,0.08490181
22.00083336,0.08524546
22.02166749,0.085622802
22.04250161,0.085926741
22.06333573,0.086030692
22.08416985,0.086237624
22.10500398,0.086493269
22.1258381,0.086613506
22.14667222,0.086600989
22.16750634,0.08677759
22.18834047,0.087127939
22.20917459,0.08710514
22.23000871,0.086742684
22.25084283,0.086479537
22.27167696,0.086373746
22.29251108,0.086496398
22.3133452,0.086606175
22.33417932,0.086356863
22.35501345,0.086293876
22.37584757,0.08640489
22.39668169,0.086383417
22.41751581,0.086324006
22.43834994,0.086018085
22.45918406,0.085985437
22.48001818,0.086173087
22.50085231,0.08613719
22.52168643,0.086088225
22.54252055,0.085664019
22.56335467,0.0854524
22.5841888,0.085553169
22.60502292,0.084915861
22.62585704,0.084058009
22.64669116,0.083314598
22.66752529,0.082588099
22.68835941,0.082037956
22.70919353,0.081148759
22.73002765,0.079997748
22.75086178,0.079196274
22.7716959,0.07858742
22.79253002,0.077538252
22.81336414,0.076152384
22.83419827,0.075036667
22.85503239,0.074227527
22.87586651,0.073531993
22.89670063,0.072648242
22.91753476,0.071490124
22.93836888,0.07037802
22.959203,0.069308221
22.98003712,0.06818305
23.00087125,0.067049488
23.02170537,0.065768942
23.04253949,0.064270005
23.06337361,0.06272693
23.08420774,0.061073042
23.10504186,0.059218109
23.12587598,0.057163637
23.1467101,0.055088259
23.16754423,0.053338364
23.18837835,0.051343992
23.20921247,0.049107529
23.23004659,0.047101669
23.25088072,0.044880878
23.27171484,0.042841226
23.29254896,0.040895447
23.31338308,0.038696684
23.33421721,0.036806602
23.35505133,0.035037089
23.37588545,0.033375811
23.39671957,0.031526208
23.4175537,0.029434498
23.43838782,0.027677977
23.45922194,0.025690719
23.48005606,0.023619432
23.50089019,0.021858763
23.52172431,0.020009406
23.54255843,0.018076144
23.56339255,0.016001852
23.58422668,0.01383899
23.6050608,0.011780854
23.62589492,0.009841418
23.64672904,0.007843439
23.66756317,0.005819778
23.68839729,0.003918632
23.70923141,0.001852901
23.73006553,-0.000225432
23.75089966,-0.002245363
23.77173378,-0.00425566
23.7925679,-0.006125307
23.81340202,-0.008322813
23.83423615,-0.010543276
23.85507027,-0.012370624
23.87590439,-0.014238162
23.89673851,-0.016322002
23.91757264,-0.018832004
23.93840676,-0.021504425
23.95924088,-0.02396936
23.980075,-0.026397569
24.00090913,-0.02880756
24.02174325,-0.031301081
24.04257737,-0.033797637
24.06341149,-0.03618696
24.08424562,-0.038669743
24.10507974,-0.041259125
24.12591386,-0.043734685
24.14674798,-0.04615492
24.16758211,-0.048709173
24.18841623,-0.05111517
24.20925035,-0.053695768
24.23008447,-0.056566954
24.2509186,-0.059099205
24.27175272,-0.061793797
24.29258684,-0.064644977
24.31342096,-0.06711784
24.33425509,-0.069498092
24.35508921,-0.0717609
24.37592333,-0.074178353
24.39675745,-0.076709889
24.41759158,-0.078728341
24.4384257,-0.080467328
24.45925982,-0.082273953
24.48009394,-0.084132358
24.50092807,-0.085939199
24.52176219,-0.087814406
24.54259631,-0.089745492
24.56343043,-0.091356501
24.58426456,-0.092974827
24.60509868,-0.094689056
24.6259328,-0.096005268
24.64676692,-0.097104564
24.66760105,-0.098219223
24.68843517,-0.099359095
24.70926929,-0.100749567
24.73010341,-0.10232991
24.75093754,-0.103430741
24.77177166,-0.104128234
24.79260578,-0.10528484
24.8134399,-0.106512755
24.83427403,-0.107259132
24.85510815,-0.10784781
24.87594227,-0.10838145
24.89677639,-0.109098479
24.91761052,-0.110083692
24.93844464,-0.111058809
24.95927876,-0.112005405
24.98011288,-0.112748645
25.00094701,-0.113169745
25.02178113,-0.113393456
25.04261525,-0.113528058
25.06344937,-0.113915294
25.0842835,-0.114407785
25.10511762,-0.114564069
25.12595174,-0.114577457
25.14678586,-0.114383504
25.16761999,-0.114019439
25.18845411,-0.113700971
25.20928823,-0.113201648
25.23012235,-0.112757072
25.25095648,-0.11222209
25.2717906,-0.111422464
25.29262472,-0.110641405
25.31345884,-0.109554641
25.33429297,-0.108425483
25.35512709,-0.107427828
25.37596121,-0.106288552
25.39679533,-0.105136879
25.41762946,-0.103798017
25.43846358,-0.102366403
25.4592977,-0.100819699
25.48013182,-0.099367276
25.50096595,-0.09828569
25.52180007,-0.096767426
25.54263419,-0.094975576
25.56346831,-0.093500473
25.58430244,-0.092306063
25.60513656,-0.091452144
25.62597068,-0.090477929
25.6468048,-0.089205548
25.66763893,-0.087923095
25.68847305,-0.08688508
25.70930717,-0.086106151
25.73014129,-0.085169166
25.75097542,-0.084016867
25.77180954,-0.082773402
25.79264366,-0.081496373
25.81347778,-0.080065377
25.83431191,-0.078397617
25.85514603,-0.076693192
25.87598015,-0.074927725
25.89681427,-0.073101558
25.9176484,-0.070929371
25.93848252,-0.068656936
25.95931664,-0.06681034
25.98015076,-0.064598814
26.00098489,-0.062086966
26.02181901,-0.059824552
26.04265313,-0.057607055
26.06348725,-0.05569981
26.08432138,-0.053738527
26.1051555,-0.051579751
26.12598962,-0.049730141
26.14682374,-0.047825392
26.16765787,-0.045838904
26.18849199,-0.044109166
26.20932611,-0.042342849
26.23016023,-0.040311165
26.25099436,-0.038294327
26.27182848,-0.036366876
26.2926626,-0.034503773
26.31349672,-0.032892477
26.33433085,-0.031103693
26.35516497,-0.028951047
26.37599909,-0.026776481
26.39683321,-0.02455754
26.41766734,-0.022370636
26.43850146,-0.020407014
26.45933558,-0.01886314
26.4801697,-0.017459277
26.50100383,-0.015707687
26.52183795,-0.013756164
26.54267207,-0.011911683
26.56350619,-0.0104267
26.58434032,-0.008887042
26.60517444,-0.007135459
26.62600856,-0.005738358
26.64684268,-0.00417025
26.66767681,-0.002311054
26.68851093,-0.000745713
26.70934505,0.000830983
26.73017917,0.002411424
26.7510133,0.003970015
26.77184742,0.005807029
26.79268154,0.007512766
26.81351566,0.008864818
26.83434979,0.01044618
26.85518391,0.012428652
26.87601803,0.01436706
26.89685215,0.016200781
26.91768628,0.017711356
26.9385204,0.018906172
26.95935452,0.020588674
26.98018864,0.022415964
27.00102277,0.023829572
27.02185689,0.025188878
27.04269101,0.02649997
27.06352513,0.028013695
27.08435926,0.02963922
27.10519338,0.030771526
27.1260275,0.031911865
27.14686162,0.033510141
27.16769575,0.034972467
27.18852987,0.036131017
27.20936399,0.037584417
27.23019811,0.039118305
27.25103224,0.040255487
27.27186636,0.041558854
27.29270048,0.043119889
27.3135346,0.044519842
27.33436873,0.045818463
27.35520285,0.047018744
27.37603697,0.048246391
27.39687109,0.049578458
27.41770522,0.050814405
27.43853934,0.051995955
27.45937346,0.053271547
27.48020758,0.054722864
27.50104171,0.056228574
27.52187583,0.057391509
27.54270995,0.058310926
27.56354407,0.059504487
27.5843782,0.060802884
27.60521232,0.062078658
27.62604644,0.063490458
27.64688056,0.064688921
27.66771469,0.065854102
27.68854881,0.067252211
27.70938293,0.068606086
27.73021705,0.069764785
27.75105118,0.070520684
27.7718853,0.071248241
27.79271942,0.072177581
27.81355354,0.072792038
27.83438767,0.073113352
27.85522179,0.073535345
27.87605591,0.074184634
27.89689003,0.074546725
27.91772416,0.074546978
27.93855828,0.074918866
27.9593924,0.07558348
27.98022652,0.076285601
28.00106065,0.076970734
28.02189477,0.077377759
28.04272889,0.077788956
28.06356301,0.078367323
28.08439714,0.0788178
28.10523126,0.079299577
28.12606538,0.080036372
28.1468995,0.080742441
28.16773363,0.08092159
28.18856775,0.080762498
28.20940187,0.081014201
28.23023599,0.081283927
28.25107012,0.081091866
28.27190424,0.080908015
28.29273836,0.080801465
28.31357248,0.080862671
28.33440661,0.081086032
28.35524073,0.081266269
28.37607485,0.081443891
28.39690897,0.081529297
28.4177431,0.081646502
28.43857722,0.081615619
28.45941134,0.081334822
28.48024546,0.08115831
28.50107959,0.081172399
28.52191371,0.081523195
28.54274783,0.081827201
28.56358195,0.081718668
28.58441608,0.081812099
28.6052502,0.082237914
28.62608432,0.08252313
28.64691844,0.082829364
28.66775257,0.083249576
28.68858669,0.083454385
28.70942081,0.083687365
28.73025493,0.084030956
28.75108906,0.084411375
28.77192318,0.084963232
28.7927573,0.08513277
28.81359142,0.084859267
28.83442555,0.084884807
28.85525967,0.085199684
28.87609379,0.085227355
28.89692791,0.085170105
28.91776204,0.085365951
28.93859616,0.085304648
28.95943028,0.085248724
28.9802644,0.085376278
29.00109853,0.085136205
29.02193265,0.085184261
29.04276677,0.08561153
29.06360089,0.085645415
29.08443502,0.085514084
29.10526914,0.085514784
29.12610326,0.085642062
29.14693738,0.085855536
29.16777151,0.085977025
29.18860563,0.085857838
29.20943975,0.085596524
29.23027387,0.085270591
29.251108,0.084632888
29.27194212,0.083905488
29.29277624,0.083444275
29.31361036,0.082890049
29.33444449,0.082173131
29.35527861,0.081613436
29.37611273,0.080707014
29.39694685,0.079404578
29.41778098,0.078621402
29.4386151,0.077861637
29.45944922,0.076643743
29.48028334,0.075712465
29.50111747,0.07491792
29.52195159,0.073910601
29.54278571,0.07270889
29.56361983,0.071617797
29.58445396,0.070968777
29.60528808,0.070063859
29.6261222,0.0687913
29.64695632,0.067578048
29.66779045,0.066206299
29.68862457,0.064890519
29.70945869,0.063656829
29.73029281,0.062005822
29.75112694,0.060158283
29.77196106,0.058467023
29.79279518,0.056657601
29.8136293,0.054745771
29.83446343,0.052972026
29.85529755,0.051085159
29.87613167,0.049020324
29.89696579,0.047056537
29.91779992,0.04525777
29.93863404,0.043424152
29.95946816,0.04156772
29.98030228,0.039929241
30.00113641,0.038129911
30.02197053,0.035929404
30.04280465,0.033885829
30.06363877,0.032048859
30.0844729,0.030060446
30.10530702,0.027970903
30.12614114,0.025797408
30.14697526,0.023704898
30.16780939,0.021970101
30.18864351,0.020082155
30.20947763,0.01789706
30.23031175,0.015963301
30.25114588,0.014040375
30.27198,0.011960277
30.29281412,0.009808394
30.31364824,0.007594096
30.33448237,0.005647799
30.35531649,0.003811985
30.37615061,0.00202959
30.39698473,0.000301916
30.41781886,-0.001675518
30.43865298,-0.00365518
30.4594871,-0.005734048
30.48032122,-0.008007232
30.50115535,-0.010041948
30.52198947,-0.012123242
30.54282359,-0.014452519
30.56365771,-0.016569518
30.58449184,-0.018705346
30.60532596,-0.021124627
30.62616008,-0.023364812
30.6469942,-0.025716648
30.66782833,-0.028280953
30.68866245,-0.030520219
30.70949657,-0.032946989
30.73033069,-0.035715435
30.75116482,-0.038255237
30.77199894,-0.040516879
30.79283306,-0.042869836
30.81366718,-0.045542955
30.83450131,-0.04801536
30.85533543,-0.05038365
30.87616955,-0.053124156
30.89700367,-0.055819608
30.9178378,-0.058436055
30.93867192,-0.061235249
30.95950604,-0.064136356
30.98034016,-0.066905111
31.00117429,-0.069406345
31.02200841,-0.071998201
31.04284253,-0.074587345
31.06367665,-0.076606698
31.08451078,-0.078493476
31.1053449,-0.08068499
31.12617902,-0.082746118
31.14701314,-0.084735401
31.16784727,-0.08658646
31.18868139,-0.088283613
31.20951551,-0.090305656
31.23034963,-0.092199206
31.25118376,-0.093807474
31.27201788,-0.095237054
31.292852,-0.096388921
31.31368612,-0.097712517
31.33452025,-0.099104956
31.35535437,-0.100551538
31.37618849,-0.101935461
31.39702261,-0.103011414
31.41785674,-0.104211181
31.43869086,-0.10525775
31.45952498,-0.106123015
31.4803591,-0.107188031
31.50119323,-0.108250253
31.52202735,-0.109161317
31.54286147,-0.10979408
31.56369559,-0.110451572
31.58452972,-0.111318439
31.60536384,-0.112218007
31.62619796,-0.113070801
31.64703208,-0.113600492
31.66786621,-0.114087686
31.68870033,-0.114528105
31.70953445,-0.114629567
31.73036857,-0.115055092
31.7512027,-0.115474582
31.77203682,-0.115300424
31.79287094,-0.11519412
31.81370506,-0.115008816
31.83453919,-0.114576608
31.85537331,-0.114247814
31.87620743,-0.113896832
31.89704155,-0.113696732
31.91787568,-0.113233678
31.9387098,-0.112147979
31.95954392,-0.111143991
31.98037804,-0.110190026
32.00121217,-0.109115787
32.02204629,-0.108047768
32.04288041,-0.106672511
32.06371453,-0.105191521
32.08454866,-0.103863016
32.10538278,-0.102447018
32.1262169,-0.101047061
32.14705102,-0.099657014
32.16788515,-0.098180272
32.18871927,-0.096805923
32.20955339,-0.095147915
32.23038751,-0.093416065
32.25122164,-0.092330627
32.27205576,-0.091361217
32.29288988,-0.090386212
32.313724,-0.0893545
32.33455813,-0.087919876
32.35539225,-0.086948887
32.37622637,-0.086124137
32.39706049,-0.084759519
32.41789462,-0.083543375
32.43872874,-0.082275666
32.45956286,-0.080958642
32.48039698,-0.079773307
32.50123111,-0.078187227
32.52206523,-0.076651968
32.54289935,-0.075195283
32.56373347,-0.073375717
32.5845676,-0.07143873
32.60540172,-0.069402523
32.62623584,-0.067451626
32.64706996,-0.065191254
32.66790409,-0.062467404
32.68873821,-0.060284674
32.70957233,-0.058271952
32.73040645,-0.055963024
32.75124058,-0.053832062
32.7720747,-0.051667854
32.79290882,-0.049448702
32.81374294,-0.047310337
32.83457707,-0.045196526
32.85541119,-0.043316457
32.87624531,-0.041629672
32.89707943,-0.039774705
32.91791356,-0.037631705
32.93874768,-0.035633598
32.9595818,-0.033941627
32.98041592,-0.032114912
33.00125005,-0.030264506
33.02208417,-0.028635073
33.04291829,-0.026645867
33.06375241,-0.024327584
33.08458654,-0.022448119
33.10542066,-0.020793429
33.12625478,-0.018933535
33.1470889,-0.016943753
33.16792303,-0.014833345
33.18875715,-0.012754537
33.20959127,-0.010916481
33.23042539,-0.009355919
33.25125952,-0.007914796
33.27209364,-0.00647365
33.29292776,-0.004977763
33.31376188,-0.003434901
33.33459601,-0.002023782
33.35543013,-0.000427406
33.37626425,0.001315266
33.39709837,0.00283157
33.4179325,0.004677563
33.43876662,0.006596435
33.45960074,0.008093599
33.48043486,0.009849137
33.50126899,0.011623327
33.52210311,0.012984695
33.54293723,0.014511663
33.56377135,0.016188672
33.58460548,0.017680449
33.6054396,0.019298241
33.62627372,0.021144975
33.64710784,0.022852916
33.66794197,0.024427582
33.68877609,0.026018195
33.70961021,0.027524136
33.73044434,0.028898492
33.75127846,0.030275758
33.77211258,0.031688973
33.7929467,0.032959104
33.81378083,0.034233116
33.83461495,0.035558134
33.85544907,0.03693369
33.87628319,0.038405892
33.89711732,0.03955128
33.91795144,0.040739343
33.93878556,0.042155974
33.95961968,0.043367844
33.98045381,0.044702947
34.00128793,0.045981973
34.02212205,0.047174148
34.04295617,0.048481263
34.0637903,0.049672704
34.08462442,0.051016372
34.10545854,0.052174501
34.12629266,0.053160965
34.14712679,0.054655217
34.16796091,0.056121573
34.18879503,0.057336554
34.20962915,0.058654658
34.23046328,0.059692293
34.2512974,0.060544953
34.27213152,0.061608091
34.29296564,0.062630855
34.31379977,0.063938834
34.33463389,0.065550134
34.35546801,0.06681928
34.37630213,0.068044864
34.39713626,0.069255166
34.41797038,0.07041432
34.4388045,0.071743533
34.45963862,0.072503015
34.48047275,0.072519839
34.50130687,0.072568685
34.52214099,0.073024407
34.54297511,0.073563769
34.56380924,0.073892683
34.58464336,0.074361905
34.60547748,0.075069204
34.6263116,0.075663082
34.64714573,0.076234698
34.66797985,0.077002071
34.68881397,0.077653207
34.70964809,0.078215465
34.73048222,0.078949943
34.75131634,0.079427883
34.77215046,0.079566553
34.79298458,0.079759829
34.81381871,0.080039203
34.83465283,0.080311812
34.85548695,0.080628075
34.87632107,0.080863602
34.8971552,0.080715373
34.91798932,0.080524683
34.93882344,0.080622829
34.95965756,0.080589831
34.98049169,0.080565587
35.00132581,0.081030168
35.02215993,0.081548974
35.04299405,0.081870206
35.06382818,0.082128897
35.0846623,0.082040682
35.10549642,0.081940912
35.12633054,0.081985198
35.14716467,0.081805162
35.16799879,0.081685103
35.18883291,0.081584752
35.20966703,0.081627339
35.23050116,0.082035899
35.25133528,0.082342401
35.2721694,0.082427494
35.29300352,0.082397915
35.31383765,0.082622543
35.33467177,0.082933411
35.35550589,0.082912728
35.37634001,0.083249785
35.39717414,0.083710328
35.41800826,0.083759047
35.43884238,0.084027618
35.4596765,0.084347062
35.48051063,0.084232748
35.50134475,0.08415094
35.52217887,0.084281914
35.54301299,0.084284827
35.56384712,0.084291652
35.58468124,0.084322259
35.60551536,0.084282279
35.62634948,0.084429562
35.64718361,0.084574535
35.66801773,0.08463192
35.68885185,0.084687606
35.70968597,0.084791526
35.7305201,0.085102692
35.75135422,0.08518859
35.77218834,0.085158154
35.79302246,0.085236259
35.81385659,0.085098907
35.83469071,0.085058145
35.85552483,0.085028261
35.87635895,0.08485049
35.89719308,0.084687695
35.9180272,0.084312394
35.93886132,0.083782025
35.95969544,0.083167255
35.98052957,0.082611911
36.00136369,0.082062379
36.02219781,0.081205547
36.04303193,0.080312833
36.06386606,0.079511866
36.08470018,0.078671724
36.1055343,0.077761933
36.12636842,0.076782726
36.14720255,0.075793445
36.16803667,0.074799746
36.18887079,0.073823571
36.20970491,0.072948545
36.23053904,0.072037071
36.25137316,0.070766203
36.27220728,0.069544591
36.2930414,0.068453901
36.31387553,0.067066029
36.33470965,0.065877423
36.35554377,0.064707071
36.37637789,0.063160166
36.39721202,0.061637137
36.41804614,0.060104564
36.43888026,0.058421455
36.45971438,0.056450009
36.48054851,0.054501086
36.50138263,0.052683733
36.52221675,0.05041733
36.54305087,0.048145216
36.563885,0.046216588
36.58471912,0.044293575
36.60555324,0.04242456
36.62638736,0.040496029
36.64722149,0.038585305
36.66805561,0.036757432
36.68888973,0.034730539
36.70972385,0.032659043
36.73055798,0.030537706
36.7513921,0.028578103
36.77222622,0.027000587
36.79306034,0.025013857
36.81389447,0.022885695
36.83472859,0.021141056
36.85556271,0.019165069
36.87639683,0.017298169
36.89723096,0.015576739
36.91806508,0.01339271
36.9388992,0.011285627
36.95973332,0.00950612
36.98056745,0.00766896
37.00140157,0.005795592
37.02223569,0.003946099
37.04306981,0.002057734
37.06390394,0.000275298
37.08473806,-0.001560736
37.10557218,-0.003800791
37.1264063,-0.006075807
37.14724043,-0.008277632
37.16807455,-0.010609707
37.18890867,-0.012809979
37.20974279,-0.015204517
37.23057692,-0.017926808
37.25141104,-0.020306798
37.27224516,-0.022400279
37.29307928,-0.02463381
37.31391341,-0.027108286
37.33474753,-0.029776827
37.35558165,-0.032382645
37.37641577,-0.034923956
37.3972499,-0.037682977
37.41808402,-0.04060366
37.43891814,-0.043443877
37.45975226,-0.046295587
37.48058639,-0.048945799
37.50142051,-0.051312841
37.52225463,-0.054224551
37.54308875,-0.057360727
37.56392288,-0.060089186
37.584757,-0.063003808
37.60559112,-0.065855823
37.62642524,-0.068279609
37.64725937,-0.070448011
37.66809349,-0.072480686
37.68892761,-0.074745335
37.70976173,-0.076917514
37.73059586,-0.078966126
37.75142998,-0.081259444
37.7722641,-0.083531559
37.79309822,-0.085881785
37.81393235,-0.088230059
37.83476647,-0.090330765
37.85560059,-0.092386514
37.87643471,-0.094390318
37.89726884,-0.096148349
37.91810296,-0.097582564
37.93893708,-0.099041052
37.9597712,-0.100654982
37.98060533,-0.10220632
38.00143945,-0.103727564
38.02227357,-0.10506019
38.04310769,-0.106216654
38.06394182,-0.107352406
38.08477594,-0.10834872
38.10561006,-0.109397784
38.12644418,-0.110692427
38.14727831,-0.111973785
38.16811243,-0.113295808
38.18894655,-0.114829019
38.20978067,-0.116119504
38.2306148,-0.11711327
38.25144892,-0.117973402
38.27228304,-0.118709743
38.29311716,-0.119456798
38.31395129,-0.119862817
38.33478541,-0.120197631
38.35561953,-0.120457143
38.37645365,-0.1204281
38.39728778,-0.120762013
38.4181219,-0.120551154
38.43895602,-0.119706862
38.45979014,-0.119273528
38.48062427,-0.118611634
38.50145839,-0.117649883
38.52229251,-0.116844989
38.54312663,-0.116375506
38.56396076,-0.115899459
38.58479488,-0.114919588
38.605629,-0.113787927
38.62646312,-0.112550363
38.64729725,-0.111448646
38.66813137,-0.110322222
38.68896549,-0.108848646
38.70979961,-0.107432574
38.73063374,-0.105939403
38.75146786,-0.104763195
38.77230198,-0.103759147
38.7931361,-0.102286622
38.81397023,-0.100920178
38.83480435,-0.099680334
38.85563847,-0.098613694
38.87647259,-0.097915605
38.89730672,-0.097103238
38.91814084,-0.096118957
38.93897496,-0.095043495
38.95980908,-0.094011307
38.98064321,-0.093056053
39.00147733,-0.091801673
39.02231145,-0.090452053
39.04314557,-0.089364775
39.0639797,-0.088139579
39.08481382,-0.086654603
39.10564794,-0.08515273
39.12648206,-0.083414868
39.14731619,-0.081463233
39.16815031,-0.07944788
39.18898443,-0.077317059
39.20981855,-0.075151399
39.23065268,-0.07277254
39.2514868,-0.070278421
39.27232092,-0.067963064
39.29315504,-0.065614238
39.31398917,-0.063156724
39.33482329,-0.060652584
39.35565741,-0.05822131
39.37649153,-0.056010179
39.39732566,-0.053969465
39.41815978,-0.051996216
39.4389939,-0.049695477
39.45982802,-0.047170047
39.48066215,-0.044935048
39.50149627,-0.042787611
39.52233039,-0.040465023
39.54316451,-0.037944306
39.56399864,-0.035427339
39.58483276,-0.033089895
39.60566688,-0.030663524
39.626501,-0.0280628
39.64733513,-0.025297472
39.66816925,-0.022622742
39.68900337,-0.020379419
39.70983749,-0.018120609
39.73067162,-0.015478244
39.75150574,-0.0127082
39.77233986,-0.01008601
39.79317398,-0.007764697
39.81400811,-0.005653193
39.83484223,-0.003511181
39.85567635,-0.001500928
39.87651047,0.000296921
39.8973446,0.002412907
39.91817872,0.004777251
39.93901284,0.006758493
39.95984696,0.00863626
39.98068109,0.010795858
40.00151521,0.012866681
40.02234933,0.014903286
40.04318345,0.017065186
40.06401758,0.019164365
40.0848517,0.021317568
40.10568582,0.023308452
40.12651994,0.025284339
40.14735407,0.02773308
40.16818819,0.030117538
40.18902231,0.032150209
40.20985643,0.03415551
40.23069056,0.036264315
40.25152468,0.038440377
40.2723588,0.040666077
40.29319292,0.042758092
40.31402705,0.044457853
40.33486117,0.046316355
40.35569529,0.048410349
40.37652941,0.050273877
40.39736354,0.052048072
40.41819766,0.05356222
40.43903178,0.054920945
40.4598659,0.056358378
40.48070003,0.057803165
40.50153415,0.059409931
40.52236827,0.060923427
40.54320239,0.062278941
40.56403652,0.063747272
40.58487064,0.065128081
40.60570476,0.06617251
40.62653888,0.067169026
40.64737301,0.068343401
40.66820713,0.069320515
40.68904125,0.070044786
40.70987537,0.070643187
40.7307095,0.071282782
40.75154362,0.072303385
40.77237774,0.073343106
40.79321186,0.074063152
40.81404599,0.07460174
40.83488011,0.07514067
40.85571423,0.075783581
40.87654835,0.076266736
40.89738248,0.07671497
40.9182166,0.077400252
40.93905072,0.077882387
40.95988484,0.078018434
40.98071897,0.078178227
41.00155309,0.078356735
41.02238721,0.078546837
41.04322133,0.078825608
41.06405546,0.078821748
41.08488958,0.078627363
41.1057237,0.078683957
41.12655782,0.078752771
41.14739195,0.078583956
41.16822607,0.07813558
41.18906019,0.077675134
41.20989431,0.077476561
41.23072844,0.077076495
41.25156256,0.076428354
41.27239668,0.075857081
41.2932308,0.075248733
41.31406493,0.074797019
41.33489905,0.074682198
41.35573317,0.074433684
41.37656729,0.073893465
41.39740142,0.073571384
41.41823554,0.073419809
41.43906966,0.073015407
41.45990378,0.072540097
41.48073791,0.072343223
41.50157203,0.072305456
41.52240615,0.072028041
41.54324027,0.071672797
41.5640744,0.071391337
41.58490852,0.070783548
41.60574264,0.069993541
41.62657676,0.069517761
41.64741089,0.069301292
41.66824501,0.068789169
41.68907913,0.067940623
41.70991325,0.067312039
41.73074738,0.06703347
41.7515815,0.066879407
41.77241562,0.066491202
41.79324974,0.066068813
41.81408387,0.06579309
41.83491799,0.065146327
41.85575211,0.064517073
41.87658623,0.064168148
41.89742036,0.063781269
41.91825448,0.063479111
41.9390886,0.063066691
41.95992272,0.062677629
41.98075685,0.062357653
42.00159097,0.061913002
42.02242509,0.061564684
42.04325921,0.061273884
42.06409334,0.061187543
42.08492746,0.060923398
42.10576158,0.060386434
42.1265957,0.060166292
42.14742983,0.059763163
42.16826395,0.059405528
42.18909807,0.059302032
42.20993219,0.05893296
42.23076632,0.058659133
42.25160044,0.058223382
42.27243456,0.057727847
42.29326868,0.057511527
42.31410281,0.056957841
42.33493693,0.056212489
42.35577105,0.055421256
42.37660517,0.054750785
42.3974393,0.054357514
42.41827342,0.053692408
42.43910754,0.053015016
42.45994166,0.052397553
42.48077579,0.051442821
42.50160991,0.050404496
42.52244403,0.049442194
42.54327815,0.0485541
42.56411228,0.047527798
42.5849464,0.046201497
42.60578052,0.044649415
42.62661464,0.043252312
42.64744877,0.042371176
42.66828289,0.04127901
42.68911701,0.039921954
42.70995113,0.038823634
42.73078526,0.037574492
42.75161938,0.036243659
42.7724535,0.034838542
42.79328762,0.033273175
42.81412175,0.031916745
42.83495587,0.030646827
42.85578999,0.029249929
42.87662411,0.027537677
42.89745824,0.025709638
42.91829236,0.024180021
42.93912648,0.02286247
42.9599606,0.021507151
42.98079473,0.019898253
43.00162885,0.018321808
43.02246297,0.016932631
43.04329709,0.015553675
43.06413122,0.014066415
43.08496534,0.012418466
43.10579946,0.011019984
43.12663358,0.009620285
43.14746771,0.008116545
43.16830183,0.006857351
43.18913595,0.005348144
43.20997007,0.003765406
43.2308042,0.002205099
43.25163832,0.000562615
43.27247244,-0.000643489
43.29330656,-0.001916455
43.31414069,-0.003428687
43.33497481,-0.004851214
43.35580893,-0.0064195
43.37664305,-0.007929377
43.39747718,-0.00958495
43.4183113,-0.011492917
43.43914542,-0.013102259
43.45997954,-0.014599468
43.48081367,-0.015931834
43.50164779,-0.017055236
43.52248191,-0.018558688
43.54331603,-0.020261284
43.56415016,-0.022035036
43.58498428,-0.023499556
43.6058184,-0.024420392
43.62665252,-0.026062595
43.64748665,-0.028089371
43.66832077,-0.029600415
43.68915489,-0.031128652
43.70998901,-0.032674834
43.73082314,-0.034551565
43.75165726,-0.036452159
43.77249138,-0.037783556
43.7933255,-0.039359227
43.81415963,-0.041032769
43.83499375,-0.042451918
43.85582787,-0.044004604
43.87666199,-0.045635745
43.89749612,-0.047147579
43.91833024,-0.048511647
43.93916436,-0.050074287
43.95999848,-0.05153216
43.98083261,-0.052653883
44.00166673,-0.054155663
44.02250085,-0.055622261
44.04333497,-0.056638315
44.0641691,-0.057886019
44.08500322,-0.059170119
44.10583734,-0.060133249
44.12667146,-0.061093614
44.14750559,-0.062046729
44.16833971,-0.062965333
44.18917383,-0.063788533
44.21000795,-0.064270228
44.23084208,-0.0647026
44.2516762,-0.065211244
44.27251032,-0.065446742
44.29334444,-0.065566897
44.31417857,-0.065758869
44.33501269,-0.065876603
44.35584681,-0.066128299
44.37668093,-0.06640245
44.39751506,-0.066282585
44.41834918,-0.066172577
44.4391833,-0.066072628
44.46001742,-0.065697879
44.48085155,-0.065525286
44.50168567,-0.06540408
44.52251979,-0.065264456
44.54335391,-0.065194726
44.56418804,-0.064865537
44.58502216,-0.064781979
44.60585628,-0.064765438
44.6266904,-0.064373925
44.64752453,-0.063915335
44.66835865,-0.063285582
44.68919277,-0.062906519
44.71002689,-0.062616989
44.73086102,-0.062154494
44.75169514,-0.062108852
44.77252926,-0.061865464
44.79336338,-0.061493449
44.81419751,-0.061351798
44.83503163,-0.06080826
44.85586575,-0.060263183
44.87669987,-0.059847724
44.897534,-0.059248373
44.91836812,-0.058466256
44.93920224,-0.057535142
44.96003637,-0.056934487
44.98087049,-0.056390826
45.00170461,-0.055476487
45.02253873,-0.054462679
45.04337286,-0.053438965
45.06420698,-0.052639075
45.0850411,-0.051730111
45.10587522,-0.050389901
45.12670935,-0.049452268
45.14754347,-0.048759103
45.16837759,-0.047747821
45.18921171,-0.046714909
45.21004584,-0.045722269
45.23087996,-0.044945594
45.25171408,-0.043999359
45.2725482,-0.04288454
45.29338233,-0.042023674
45.31421645,-0.04063667
45.33505057,-0.039260767
45.35588469,-0.038065583
45.37671882,-0.036359936
45.39755294,-0.03497757
45.41838706,-0.033491582
45.43922118,-0.031826735
45.46005531,-0.030603053
45.48088943,-0.029073212
45.50172355,-0.02747545
45.52255767,-0.026088122
45.5433918,-0.024751846
45.56422592,-0.023451287
45.58506004,-0.021896984
45.60589416,-0.020399358
45.62672829,-0.018900184
45.64756241,-0.017261676
45.66839653,-0.015823232
45.68923065,-0.014366198
45.71006478,-0.012880042
45.7308989,-0.011467437
45.75173302,-0.009906245
45.77256714,-0.008562971
45.79340127,-0.007358032
45.81423539,-0.005813755
45.83506951,-0.004515452
45.85590363,-0.003319923
45.87673776,-0.001737945
45.89757188,-0.000280858
45.918406,0.001115655
45.93924012,0.002366487
45.96007425,0.003392752
45.98090837,0.004591133
46.00174249,0.005660385
46.02257661,0.006706011
46.04341074,0.007881667
46.06424486,0.008915346
46.08507898,0.0100247
46.1059131,0.011121777
46.12674723,0.01216617
46.14758135,0.013338005
46.16841547,0.014306091
46.18924959,0.015165216
46.21008372,0.016085418
46.23091784,0.01682646
46.25175196,0.017759919
46.27258608,0.018971527
46.29342021,0.020017866
46.31425433,0.020849463
46.33508845,0.021430906
46.35592257,0.022116212
46.3767567,0.022900784
46.39759082,0.023105683
46.41842494,0.023201792
46.43925906,0.023744132
46.46009319,0.02431291
46.48092731,0.024736296
46.50176143,0.025152806
46.52259555,0.025593435
46.54342968,0.026016498
46.5642638,0.026347948
46.58509792,0.026515001
46.60593204,0.026864497
46.62676617,0.027598124
46.64760029,0.028143093
46.66843441,0.028319478
46.68926853,0.028411016
46.71010266,0.028791271
46.73093678,0.029381804
46.7517709,0.029524917
46.77260502,0.029782847
46.79343915,0.030460592
46.81427327,0.030780053
46.83510739,0.031002259
46.85594151,0.03132505
46.87677564,0.031693161
46.89760976,0.032154381
46.91844388,0.032327939
46.939278,0.032533679
46.96011213,0.032881491
46.98094625,0.033152871
47.00178037,0.033663526
47.02261449,0.034149133
47.04344862,0.034590319
47.06428274,0.035192996
47.08511686,0.035435371
47.10595098,0.035520218
47.12678511,0.035757367
47.14761923,0.035814356
47.16845335,0.035955019
47.18928747,0.036101043
47.2101216,0.035946053
47.23095572,0.036036953
47.25178984,0.036348581
47.27262396,0.03639885
47.29345809,0.036268376
47.31429221,0.036194324
47.33512633,0.036184296
47.35596045,0.035971619
47.37679458,0.035688724
47.3976287,0.035546079
47.41846282,0.035255589
47.43929694,0.034921095
47.46013107,0.034868278
47.48096519,0.034738325
47.50179931,0.034333661
47.52263343,0.034060754
47.54346756,0.033754431
47.56430168,0.033368133
47.5851358,0.033147886
47.60596992,0.032628849
47.62680405,0.031932682
47.64763817,0.031483546
47.66847229,0.031130048
47.68930641,0.030889679
47.71014054,0.030815169
47.73097466,0.030683812
47.75180878,0.030309169
47.7726429,0.030094178
47.79347703,0.02996248
47.81431115,0.029582825
47.83514527,0.029433744
47.85597939,0.029274557
47.87681352,0.028843561
47.89764764,0.028470453
47.91848176,0.02813853
47.93931588,0.027895723
47.96015001,0.027813505
47.98098413,0.027926061
48.00181825,0.027872197
48.02265237,0.027678136
48.0434865,0.027675165
48.06432062,0.027489115
48.08515474,0.027517907
48.10598886,0.027733717
48.12682299,0.027503002
48.14765711,0.027469551
48.16849123,0.027588479
48.18932535,0.027361345
48.21015948,0.027203957
48.2309936,0.027250381
48.25182772,0.027392317
48.27266184,0.027522024
48.29349597,0.027409278
48.31433009,0.027150072
48.33516421,0.026921162
48.35599833,0.026719004
48.37683246,0.026700569
48.39766658,0.026771525
48.4185007,0.026677977
48.43933482,0.026644882
48.46016895,0.026597682
48.48100307,0.026159026
48.50183719,0.025652241
48.52267131,0.025542464
48.54350544,0.02547016
48.56433956,0.025101636
48.58517368,0.024836615
48.6060078,0.024849772
48.62684193,0.024797602
48.64767605,0.024452262
48.66851017,0.024127906
48.68934429,0.023903009
48.71017842,0.023562983
48.73101254,0.023341838
48.75184666,0.022952698
48.77268078,0.022402022
48.79351491,0.022094805
48.81434903,0.021732587
48.83518315,0.021483459
48.85601727,0.021295777
48.8768514,0.020911094
48.89768552,0.020518512
48.91851964,0.020230323
48.93935376,0.020084152
48.96018789,0.019644808
48.98102201,0.019265493
49.00185613,0.019068662
49.02269025,0.018411567
49.04352438,0.017839607
49.0643585,0.017376833
49.08519262,0.016915068
49.10602674,0.016424423
49.12686087,0.015595985
49.14769499,0.015153235
49.16852911,0.014606234
49.18936323,0.013680194
49.21019736,0.013129801
49.23103148,0.012405943
49.2518656,0.011766275
49.27269972,0.011517422
49.29353385,0.011038741
49.31436797,0.010358095
49.33520209,0.009669849
49.35603621,0.009078571
49.37687034,0.008358714
49.39770446,0.007697342
49.41853858,0.00718063
49.4393727,0.00630806
49.46020683,0.005587242
49.48104095,0.005051468
49.50187507,0.004401918
49.52270919,0.003910282
49.54354332,0.003143352
49.56437744,0.002464457
49.58521156,0.002276754
49.60604568,0.001568194
49.62687981,0.000455975
49.64771393,-0.000256748
49.66854805,-0.00086232
49.68938217,-0.001394138
49.7102163,-0.001778867
49.73105042,-0.002347962
49.75188454,-0.002859218
49.77271866,-0.00338199
49.79355279,-0.004118477
49.81438691,-0.004771115
49.83522103,-0.005493939
49.85605515,-0.006161674
49.87688928,-0.006605241
49.8977234,-0.007089294
49.91855752,-0.007502559
49.93939164,-0.007892007
49.96022577,-0.008388586
49.98105989,-0.008901466